
INSERT SYS_ORGANIZATION (ID, PARENT_ID, ORGANIZATION_NAME, ORGANIZATION_NO, ORGANIZATION_DESC, CREATE_TIME, CREATE_USER, LAST_UPDATE_USER, LAST_UPDATE_TIME, VERSION, ORGANIZATION_CODE, PARENT_ORGANIZATION_CODE) VALUES (1, NULL, '公司', 1, '', now(), 1, NULL, NULL, 1, '100', '');

INSERT SYS_DICTIONARY_TYPE (ID, DICT_TYPE_NAME, DICT_TYPE_DESC, TYPE, DICT_TYPE_KEY, CREATE_TIME, CREATE_USER, LAST_UPDATE_USER, LAST_UPDATE_TIME, VERSION) VALUES (1, '语言类别', NULL, '0', 'SYS_LOCALE_DICT', now(), 1, NULL, NULL, 1);

INSERT SYS_DICTIONARY (ID, DICT_TYPE_ID, DICT_NAME, DICT_VALUE, STATUS, DICT_DESC, DICT_LOCALE, CREATE_TIME, CREATE_USER, LAST_UPDATE_USER, LAST_UPDATE_TIME, VERSION) VALUES (1, 1, '简体中文', 'zh_CN', '1', NULL, 'zh_CN', now(), 1, NULL, NULL, 1);
INSERT SYS_DICTIONARY (ID, DICT_TYPE_ID, DICT_NAME, DICT_VALUE, STATUS, DICT_DESC, DICT_LOCALE, CREATE_TIME, CREATE_USER, LAST_UPDATE_USER, LAST_UPDATE_TIME, VERSION) VALUES (2, 1, '繁体中文', 'zh_TW', '1', NULL, 'zh_CN', now(), 1, NULL, NULL, 1);
INSERT SYS_DICTIONARY (ID, DICT_TYPE_ID, DICT_NAME, DICT_VALUE, STATUS, DICT_DESC, DICT_LOCALE, CREATE_TIME, CREATE_USER, LAST_UPDATE_USER, LAST_UPDATE_TIME, VERSION) VALUES (3, 1, '英语', 'en', '1', NULL, 'zh_CN', now(), 1, NULL, NULL, 1);

INSERT SYS_ROLE (ID, ORGANIZATION_ID, ROLE_NAME, ROLE_DESC, ROLE_STATUS, CREATE_TIME, CREATE_USER, LAST_UPDATE_USER, LAST_UPDATE_TIME, VERSION) VALUES (1, 1, '超级管理员', '超级管理员', '1', now(), 1, NULL, NULL, 1);

INSERT SYS_USER (ID, LOGIN_NAME, PASSWORD, ORGANIZATION_ID, MANAGER_ID, REMOTE_LOGIN, REAL_NAME, SEX, PHONE, MOBILE_PHONE, FAX, EMAIL, ADDRESS, STATUS, CREATE_USER, CREATE_TIME, LAST_UPDATE_USER, LAST_UPDATE_TIME, VERSION, ALLOWERROR, ALLEDYERROR, REMARK, IS_SUPER_ADMIN, EMPLOYEE_ID, NICKNAME) VALUES (1, 'admin', 'b594510740d2ac4261c1b2fe87850d08', 1, NULL, '1', 'admin', '0', NULL, '', '', '', '', '1', 1, now(), NULL, NULL, 1, NULL, NULL, NULL, '1', 'admin', 'admin');

INSERT SYS_USER_TO_ROLE (USER_ID, ROLE_ID) VALUES (1, 1);

INSERT SYS_DESKTOP (ID, TITLE, KEY_VAL, TYPE, LAYOUT_TYPE, LAYOUT_VAL, LEVEL_VAL, DISPLAY_NUM, MODULE_URL, DATA_URL, SOURCE_TYPE, SOURCE, HEIGHT, FONT_NUM, CREATE_USER, CREATE_TIME, LAST_UPDATE_USER, LAST_UPDATE_TIME, VERSION, PARENT_ID) VALUES (1, '个人门户', '个人', '', '90%', 'p3,p4', 1, 2, '', '2', '', '', 200, 2, 1, now(), 1, NULL, 1, NULL);
INSERT SYS_DESKTOP (ID, TITLE, KEY_VAL, TYPE, LAYOUT_TYPE, LAYOUT_VAL, LEVEL_VAL, DISPLAY_NUM, MODULE_URL, DATA_URL, SOURCE_TYPE, SOURCE, HEIGHT, FONT_NUM, CREATE_USER, CREATE_TIME, LAST_UPDATE_USER, LAST_UPDATE_TIME, VERSION, PARENT_ID) VALUES (2, '公司门户', '公司', '', '90%', '', 1, NULL, '', '', '', '', 200, NULL, 1, now(), 1, NULL, 1, NULL);
INSERT SYS_DESKTOP (ID, TITLE, KEY_VAL, TYPE, LAYOUT_TYPE, LAYOUT_VAL, LEVEL_VAL, DISPLAY_NUM, MODULE_URL, DATA_URL, SOURCE_TYPE, SOURCE, HEIGHT, FONT_NUM, CREATE_USER, CREATE_TIME, LAST_UPDATE_USER, LAST_UPDATE_TIME, VERSION, PARENT_ID) VALUES (4, '新闻', '新闻', 'picList', '', NULL, 2, 20, 'sys/notice/news!newsToUserList', 'sys/notice/news!viewNews.action?id=', 'sql', 'select a.id as id,a.title as title,a.create_time as createTime,a.create_user as createUser, b.FILE_PATH as src from SYS_NEWS a left join SYS_ATTACH_DETAIL b on a.ATM_ID = b.ATTACH_ID
where a.ATM_ID is not null and b.ID in (select MIN(c.ID) from SYS_ATTACH_DETAIL c where c.ATTACH_ID = a.ATM_ID group by c.ATTACH_ID)', 350, 333, 1, now(), NULL, NULL, 1, 1);

INSERT SYS_DESKTOP_TO_ROLE (DESKTOP_ID, ROLE_ID) VALUES (1, 1);
INSERT SYS_DESKTOP_TO_ROLE (DESKTOP_ID, ROLE_ID) VALUES (2, 1);
INSERT SYS_DESKTOP_TO_ROLE (DESKTOP_ID, ROLE_ID) VALUES (4, 1);

INSERT SYS_RESOURCE (ID, RESOURCE_NAME, RESOURCE_SIGN, RESOURCE_TYPE, PARENT_ID, RESOURCE_ICON, OPEN_TYPE, RESOURCE_STATUS, RESOURCE_NO, RESOURCE_URL, RESOURCE_LEVEL, CREATE_USER, CREATE_TIME, REMARK, LAST_UPDATE_USER, LAST_UPDATE_TIME, VERSION, LOG_RULE) VALUES (2, '系统管理', 'RES_SYSTEM_MNG', '0', NULL, 'icon-gnome-preferences-system', NULL, '1', 100, '', '1', 1, now(), NULL, NULL, NULL, 1, '系统管理');
INSERT SYS_RESOURCE (ID, RESOURCE_NAME, RESOURCE_SIGN, RESOURCE_TYPE, PARENT_ID, RESOURCE_ICON, OPEN_TYPE, RESOURCE_STATUS, RESOURCE_NO, RESOURCE_URL, RESOURCE_LEVEL, CREATE_USER, CREATE_TIME, REMARK, LAST_UPDATE_USER, LAST_UPDATE_TIME, VERSION, LOG_RULE) VALUES (3, '用户管理', 'RES_USER_MNG', '0', 2, 'icon-user-new', NULL, '1', 101, '/sys/account/user.action', '2', 1, now(), NULL, NULL, NULL, 1, '用户管理');
INSERT SYS_RESOURCE (ID, RESOURCE_NAME, RESOURCE_SIGN, RESOURCE_TYPE, PARENT_ID, RESOURCE_ICON, OPEN_TYPE, RESOURCE_STATUS, RESOURCE_NO, RESOURCE_URL, RESOURCE_LEVEL, CREATE_USER, CREATE_TIME, REMARK, LAST_UPDATE_USER, LAST_UPDATE_TIME, VERSION, LOG_RULE) VALUES (4, '日志管理', 'RES_LOG_MNG', '0', 2, 'icon-contacts-ico', NULL, '1', 102, '/sys/log/log.action', '2', 1, now(), NULL, NULL, NULL, 1, '日志管理');
INSERT SYS_RESOURCE (ID, RESOURCE_NAME, RESOURCE_SIGN, RESOURCE_TYPE, PARENT_ID, RESOURCE_ICON, OPEN_TYPE, RESOURCE_STATUS, RESOURCE_NO, RESOURCE_URL, RESOURCE_LEVEL, CREATE_USER, CREATE_TIME, REMARK, LAST_UPDATE_USER, LAST_UPDATE_TIME, VERSION, LOG_RULE) VALUES (5, '在线用户管理', 'RES_ONLINE_USER_MNG', '0', 2, 'icon-users', NULL, '1', 103, '/sys/account/online-user.action', '2', 1, now(), NULL, NULL, NULL, 1, '在线用户管理');
INSERT SYS_RESOURCE (ID, RESOURCE_NAME, RESOURCE_SIGN, RESOURCE_TYPE, PARENT_ID, RESOURCE_ICON, OPEN_TYPE, RESOURCE_STATUS, RESOURCE_NO, RESOURCE_URL, RESOURCE_LEVEL, CREATE_USER, CREATE_TIME, REMARK, LAST_UPDATE_USER, LAST_UPDATE_TIME, VERSION, LOG_RULE) VALUES (6, '异常日志管理', 'RES_EXP_LOG_MNG', '0', 2, 'icon-program_Group', NULL, '1', 104, '/sys/log/exp-log.action', '2', 1, now(), NULL, NULL, NULL, 1, '异常日志管理');
INSERT SYS_RESOURCE (ID, RESOURCE_NAME, RESOURCE_SIGN, RESOURCE_TYPE, PARENT_ID, RESOURCE_ICON, OPEN_TYPE, RESOURCE_STATUS, RESOURCE_NO, RESOURCE_URL, RESOURCE_LEVEL, CREATE_USER, CREATE_TIME, REMARK, LAST_UPDATE_USER, LAST_UPDATE_TIME, VERSION, LOG_RULE) VALUES (7, '部署管理', 'RES_UPGRADE', '0', 2, 'icon-gnome-utilities-terminal', NULL, '1', 106, '/sys/upgrade/upgrade.action', '2', 1, now(), NULL, NULL, NULL, 1, '部署管理');
INSERT SYS_RESOURCE (ID, RESOURCE_NAME, RESOURCE_SIGN, RESOURCE_TYPE, PARENT_ID, RESOURCE_ICON, OPEN_TYPE, RESOURCE_STATUS, RESOURCE_NO, RESOURCE_URL, RESOURCE_LEVEL, CREATE_USER, CREATE_TIME, REMARK, LAST_UPDATE_USER, LAST_UPDATE_TIME, VERSION, LOG_RULE) VALUES (8, '授权管理', 'RES_AUT_MNG', '0', 2, 'icon-computer', NULL, '1', 105, '/sys/account/authority!init.action', '2', 1, now(), NULL, NULL, NULL, 1, '授权管理');
INSERT SYS_RESOURCE (ID, RESOURCE_NAME, RESOURCE_SIGN, RESOURCE_TYPE, PARENT_ID, RESOURCE_ICON, OPEN_TYPE, RESOURCE_STATUS, RESOURCE_NO, RESOURCE_URL, RESOURCE_LEVEL, CREATE_USER, CREATE_TIME, REMARK, LAST_UPDATE_USER, LAST_UPDATE_TIME, VERSION, LOG_RULE) VALUES (9, '资源管理', 'RES_RES_MNG', '0', 2, 'icon-pictures', NULL, '1', 106, '/sys/account/authority!initResource.action', '2', 1, now(), NULL, NULL, NULL, 1, '资源管理');
INSERT SYS_RESOURCE (ID, RESOURCE_NAME, RESOURCE_SIGN, RESOURCE_TYPE, PARENT_ID, RESOURCE_ICON, OPEN_TYPE, RESOURCE_STATUS, RESOURCE_NO, RESOURCE_URL, RESOURCE_LEVEL, CREATE_USER, CREATE_TIME, REMARK, LAST_UPDATE_USER, LAST_UPDATE_TIME, VERSION, LOG_RULE) VALUES (10, '通知管理', 'RES_TZGL', '0', 2, 'icon-e-Mail', '0', '1', 10, '/sys/notice/notice.action', '2', 1, now(), '', NULL, NULL, 1, '通知管理');
INSERT SYS_RESOURCE (ID, RESOURCE_NAME, RESOURCE_SIGN, RESOURCE_TYPE, PARENT_ID, RESOURCE_ICON, OPEN_TYPE, RESOURCE_STATUS, RESOURCE_NO, RESOURCE_URL, RESOURCE_LEVEL, CREATE_USER, CREATE_TIME, REMARK, LAST_UPDATE_USER, LAST_UPDATE_TIME, VERSION, LOG_RULE) VALUES (11, '新闻公告管理', 'RES_XWGL', '0', 2, 'icon-textDocument', '0', '1', 11, '/sys/notice/news.action', '2', 1, now(), '', NULL, NULL, 1, '新闻公告管理');
INSERT SYS_RESOURCE (ID, RESOURCE_NAME, RESOURCE_SIGN, RESOURCE_TYPE, PARENT_ID, RESOURCE_ICON, OPEN_TYPE, RESOURCE_STATUS, RESOURCE_NO, RESOURCE_URL, RESOURCE_LEVEL, CREATE_USER, CREATE_TIME, REMARK, LAST_UPDATE_USER, LAST_UPDATE_TIME, VERSION, LOG_RULE) VALUES (12, '通知查询', 'RES_TZCX', '0', 2, 'icon-gnome-phone', '0', '1', 12, '/sys/notice/notice!noticeToUserList.action', '2', 1, now(), '', NULL, NULL, 1, '通知查询');
INSERT SYS_RESOURCE (ID, RESOURCE_NAME, RESOURCE_SIGN, RESOURCE_TYPE, PARENT_ID, RESOURCE_ICON, OPEN_TYPE, RESOURCE_STATUS, RESOURCE_NO, RESOURCE_URL, RESOURCE_LEVEL, CREATE_USER, CREATE_TIME, REMARK, LAST_UPDATE_USER, LAST_UPDATE_TIME, VERSION, LOG_RULE) VALUES (13, '新闻公告查询', 'RES_XWCX', '0', 2, 'icon-search-new', '0', '1', 13, '/sys/notice/news!newsToUserList.action', '2', 1, now(), '', NULL, NULL, 1, '新闻公告查询');
INSERT SYS_RESOURCE (ID, RESOURCE_NAME, RESOURCE_SIGN, RESOURCE_TYPE, PARENT_ID, RESOURCE_ICON, OPEN_TYPE, RESOURCE_STATUS, RESOURCE_NO, RESOURCE_URL, RESOURCE_LEVEL, CREATE_USER, CREATE_TIME, REMARK, LAST_UPDATE_USER, LAST_UPDATE_TIME, VERSION, LOG_RULE) VALUES (14, '桌面管理', 'RES_ZMGL', '0', 2, 'icon-desktop', '0', '1', 14, '/sys/desktop/desktop.action', '2', 1, now(), '', NULL, NULL, 1, '桌面管理');


INSERT SYS_RESOURCE_TO_ROLE (ROLE_ID, RESOURCE_ID) VALUES (1, 2);
INSERT SYS_RESOURCE_TO_ROLE (ROLE_ID, RESOURCE_ID) VALUES (1, 3);
INSERT SYS_RESOURCE_TO_ROLE (ROLE_ID, RESOURCE_ID) VALUES (1, 4);
INSERT SYS_RESOURCE_TO_ROLE (ROLE_ID, RESOURCE_ID) VALUES (1, 5);
INSERT SYS_RESOURCE_TO_ROLE (ROLE_ID, RESOURCE_ID) VALUES (1, 6);
INSERT SYS_RESOURCE_TO_ROLE (ROLE_ID, RESOURCE_ID) VALUES (1, 7);
INSERT SYS_RESOURCE_TO_ROLE (ROLE_ID, RESOURCE_ID) VALUES (1, 8);
INSERT SYS_RESOURCE_TO_ROLE (ROLE_ID, RESOURCE_ID) VALUES (1, 9);
INSERT SYS_RESOURCE_TO_ROLE (ROLE_ID, RESOURCE_ID) VALUES (1, 10);
INSERT SYS_RESOURCE_TO_ROLE (ROLE_ID, RESOURCE_ID) VALUES (1, 11);
INSERT SYS_RESOURCE_TO_ROLE (ROLE_ID, RESOURCE_ID) VALUES (1, 12);
INSERT SYS_RESOURCE_TO_ROLE (ROLE_ID, RESOURCE_ID) VALUES (1, 13);
INSERT SYS_RESOURCE_TO_ROLE (ROLE_ID, RESOURCE_ID) VALUES (1, 14);


INSERT SYS_RESOURCE_LOCALE (ID, RESOURCE_ID, RESOURCE_NAME, RESOURCE_LOCALE) VALUES (1, 2, '系统管理', 'zh_CN');
INSERT SYS_RESOURCE_LOCALE (ID, RESOURCE_ID, RESOURCE_NAME, RESOURCE_LOCALE) VALUES (2, 2, '系統管理', 'zh_TW');
INSERT SYS_RESOURCE_LOCALE (ID, RESOURCE_ID, RESOURCE_NAME, RESOURCE_LOCALE) VALUES (3, 2, 'System Manage', 'en');
INSERT SYS_RESOURCE_LOCALE (ID, RESOURCE_ID, RESOURCE_NAME, RESOURCE_LOCALE) VALUES (4, 3, '用户管理', 'zh_CN');
INSERT SYS_RESOURCE_LOCALE (ID, RESOURCE_ID, RESOURCE_NAME, RESOURCE_LOCALE) VALUES (5, 3, '用戶管理', 'zh_TW');
INSERT SYS_RESOURCE_LOCALE (ID, RESOURCE_ID, RESOURCE_NAME, RESOURCE_LOCALE) VALUES (6, 3, 'User Manage', 'en');
INSERT SYS_RESOURCE_LOCALE (ID, RESOURCE_ID, RESOURCE_NAME, RESOURCE_LOCALE) VALUES (7, 4, '日志管理', 'zh_CN');
INSERT SYS_RESOURCE_LOCALE (ID, RESOURCE_ID, RESOURCE_NAME, RESOURCE_LOCALE) VALUES (8, 4, '日誌管理', 'zh_TW');
INSERT SYS_RESOURCE_LOCALE (ID, RESOURCE_ID, RESOURCE_NAME, RESOURCE_LOCALE) VALUES (9, 4, 'Log Manage', 'en');
INSERT SYS_RESOURCE_LOCALE (ID, RESOURCE_ID, RESOURCE_NAME, RESOURCE_LOCALE) VALUES (10, 5, '在线用户管理', 'zh_CN');
INSERT SYS_RESOURCE_LOCALE (ID, RESOURCE_ID, RESOURCE_NAME, RESOURCE_LOCALE) VALUES (11, 5, '在綫用戶管理', 'zh_TW');
INSERT SYS_RESOURCE_LOCALE (ID, RESOURCE_ID, RESOURCE_NAME, RESOURCE_LOCALE) VALUES (12, 5, 'OnlineUser Manage', 'en');
INSERT SYS_RESOURCE_LOCALE (ID, RESOURCE_ID, RESOURCE_NAME, RESOURCE_LOCALE) VALUES (13, 6, '异常日志管理', 'zh_CN');
INSERT SYS_RESOURCE_LOCALE (ID, RESOURCE_ID, RESOURCE_NAME, RESOURCE_LOCALE) VALUES (14, 6, '異常日誌管理', 'zh_TW');
INSERT SYS_RESOURCE_LOCALE (ID, RESOURCE_ID, RESOURCE_NAME, RESOURCE_LOCALE) VALUES (15, 6, 'ExceptionLog Manage', 'en');
INSERT SYS_RESOURCE_LOCALE (ID, RESOURCE_ID, RESOURCE_NAME, RESOURCE_LOCALE) VALUES (24, 7, '部署管理', 'zh_CN');
INSERT SYS_RESOURCE_LOCALE (ID, RESOURCE_ID, RESOURCE_NAME, RESOURCE_LOCALE) VALUES (25, 7, '部署管理', 'zh_TW');
INSERT SYS_RESOURCE_LOCALE (ID, RESOURCE_ID, RESOURCE_NAME, RESOURCE_LOCALE) VALUES (26, 7, 'Upgrade Manager', 'en');
INSERT SYS_RESOURCE_LOCALE (ID, RESOURCE_ID, RESOURCE_NAME, RESOURCE_LOCALE) VALUES (27, 8, '授权管理', 'zh_CN');
INSERT SYS_RESOURCE_LOCALE (ID, RESOURCE_ID, RESOURCE_NAME, RESOURCE_LOCALE) VALUES (28, 8, '授權管理', 'zh_TW');
INSERT SYS_RESOURCE_LOCALE (ID, RESOURCE_ID, RESOURCE_NAME, RESOURCE_LOCALE) VALUES (29, 8, 'Authorization Manage', 'en');
INSERT SYS_RESOURCE_LOCALE (ID, RESOURCE_ID, RESOURCE_NAME, RESOURCE_LOCALE) VALUES (30, 9, '资源管理', 'zh_CN');
INSERT SYS_RESOURCE_LOCALE (ID, RESOURCE_ID, RESOURCE_NAME, RESOURCE_LOCALE) VALUES (31, 9, '資源管理', 'zh_TW');
INSERT SYS_RESOURCE_LOCALE (ID, RESOURCE_ID, RESOURCE_NAME, RESOURCE_LOCALE) VALUES (33, 9, 'Resource Manage', 'en');
INSERT SYS_RESOURCE_LOCALE (ID, RESOURCE_ID, RESOURCE_NAME, RESOURCE_LOCALE) VALUES (83, 10, 'Notice Manager', 'en');
INSERT SYS_RESOURCE_LOCALE (ID, RESOURCE_ID, RESOURCE_NAME, RESOURCE_LOCALE) VALUES (84, 10, '通知管理', 'zh_CN');
INSERT SYS_RESOURCE_LOCALE (ID, RESOURCE_ID, RESOURCE_NAME, RESOURCE_LOCALE) VALUES (85, 10, '通知管理', 'zh_TW');
INSERT SYS_RESOURCE_LOCALE (ID, RESOURCE_ID, RESOURCE_NAME, RESOURCE_LOCALE) VALUES (86, 11, 'News Bulletin Manager', 'en');
INSERT SYS_RESOURCE_LOCALE (ID, RESOURCE_ID, RESOURCE_NAME, RESOURCE_LOCALE) VALUES (87, 11, '新闻公告管理', 'zh_CN');
INSERT SYS_RESOURCE_LOCALE (ID, RESOURCE_ID, RESOURCE_NAME, RESOURCE_LOCALE) VALUES (88, 11, '新聞公告管理', 'zh_TW');
INSERT SYS_RESOURCE_LOCALE (ID, RESOURCE_ID, RESOURCE_NAME, RESOURCE_LOCALE) VALUES (89, 12, 'Notice Query', 'en');
INSERT SYS_RESOURCE_LOCALE (ID, RESOURCE_ID, RESOURCE_NAME, RESOURCE_LOCALE) VALUES (90, 12, '通知查询', 'zh_CN');
INSERT SYS_RESOURCE_LOCALE (ID, RESOURCE_ID, RESOURCE_NAME, RESOURCE_LOCALE) VALUES (91, 12, '通知查詢', 'zh_TW');
INSERT SYS_RESOURCE_LOCALE (ID, RESOURCE_ID, RESOURCE_NAME, RESOURCE_LOCALE) VALUES (92, 13, 'News Bulletin Query', 'en');
INSERT SYS_RESOURCE_LOCALE (ID, RESOURCE_ID, RESOURCE_NAME, RESOURCE_LOCALE) VALUES (93, 13, '新闻公告查询', 'zh_CN');
INSERT SYS_RESOURCE_LOCALE (ID, RESOURCE_ID, RESOURCE_NAME, RESOURCE_LOCALE) VALUES (94, 13, '新聞公告查詢', 'zh_TW');
INSERT SYS_RESOURCE_LOCALE (ID, RESOURCE_ID, RESOURCE_NAME, RESOURCE_LOCALE) VALUES (95, 14, 'Desktop Manager', 'en');
INSERT SYS_RESOURCE_LOCALE (ID, RESOURCE_ID, RESOURCE_NAME, RESOURCE_LOCALE) VALUES (96, 14, '桌面管理', 'zh_CN');
INSERT SYS_RESOURCE_LOCALE (ID, RESOURCE_ID, RESOURCE_NAME, RESOURCE_LOCALE) VALUES (97, 14, '桌面管理', 'zh_TW');


INSERT SYS_RESOURCE (ID, RESOURCE_NAME, RESOURCE_SIGN, RESOURCE_TYPE, PARENT_ID, RESOURCE_ICON, OPEN_TYPE, RESOURCE_STATUS, RESOURCE_NO, RESOURCE_URL, RESOURCE_LEVEL, CREATE_USER, CREATE_TIME, REMARK, LAST_UPDATE_USER, LAST_UPDATE_TIME, VERSION, LOG_RULE) VALUES (998, '流程办理历史', 'RES_PROCESS_HISTORY', '0', 2, 'icon-table-1', NULL, '1', 150, '/sys/workflow/process-history.action', '2', 1, now(), NULL, NULL, NULL, 1, '流程办理历史');
INSERT SYS_RESOURCE (ID, RESOURCE_NAME, RESOURCE_SIGN, RESOURCE_TYPE, PARENT_ID, RESOURCE_ICON, OPEN_TYPE, RESOURCE_STATUS, RESOURCE_NO, RESOURCE_URL, RESOURCE_LEVEL, CREATE_USER, CREATE_TIME, REMARK, LAST_UPDATE_USER, LAST_UPDATE_TIME, VERSION, LOG_RULE) VALUES (999, '流程定义管理', 'RES_PROCESS_DEF_MNG', '0', 2, 'icon-gnome-applications-science', NULL, '1', 151, '/sys/workflow/process-manage.action', '2', 1, now(), NULL, NULL, NULL, 1, '流程定义管理');
INSERT SYS_RESOURCE (ID, RESOURCE_NAME, RESOURCE_SIGN, RESOURCE_TYPE, PARENT_ID, RESOURCE_ICON, OPEN_TYPE, RESOURCE_STATUS, RESOURCE_NO, RESOURCE_URL, RESOURCE_LEVEL, CREATE_USER, CREATE_TIME, REMARK, LAST_UPDATE_USER, LAST_UPDATE_TIME, VERSION, LOG_RULE) VALUES (1000, '运行中流程管理', 'RES_PROCESS_INST_MNG', '0', 2, 'icon-send-later-ico', NULL, '1', 152, '/sys/workflow/runprocess-manage.action', '2', 1, now(), NULL, NULL, NULL, 1, '运行中流程管理');


INSERT SYS_RESOURCE_TO_ROLE (ROLE_ID, RESOURCE_ID) VALUES (1, 998);
INSERT SYS_RESOURCE_TO_ROLE (ROLE_ID, RESOURCE_ID) VALUES (1, 999);
INSERT SYS_RESOURCE_TO_ROLE (ROLE_ID, RESOURCE_ID) VALUES (1, 1000);

INSERT SYS_RESOURCE_LOCALE (ID, RESOURCE_ID, RESOURCE_NAME, RESOURCE_LOCALE) VALUES (4991, 998, '流程办理历史', 'zh_CN');
INSERT SYS_RESOURCE_LOCALE (ID, RESOURCE_ID, RESOURCE_NAME, RESOURCE_LOCALE) VALUES (4992, 998, '流程辦理歷史', 'zh_TW');
INSERT SYS_RESOURCE_LOCALE (ID, RESOURCE_ID, RESOURCE_NAME, RESOURCE_LOCALE) VALUES (4993, 998, 'Prcocess History', 'en');

INSERT SYS_RESOURCE_LOCALE (ID, RESOURCE_ID, RESOURCE_NAME, RESOURCE_LOCALE) VALUES (4994, 999, '流程定义管理', 'zh_CN');
INSERT SYS_RESOURCE_LOCALE (ID, RESOURCE_ID, RESOURCE_NAME, RESOURCE_LOCALE) VALUES (4995, 999, '流程定義管理', 'zh_TW');
INSERT SYS_RESOURCE_LOCALE (ID, RESOURCE_ID, RESOURCE_NAME, RESOURCE_LOCALE) VALUES (4996, 999, 'Prcocess Definition Manage', 'en');

INSERT SYS_RESOURCE_LOCALE (ID, RESOURCE_ID, RESOURCE_NAME, RESOURCE_LOCALE) VALUES (4998, 1000, '运行中流程管理', 'zh_CN');
INSERT SYS_RESOURCE_LOCALE (ID, RESOURCE_ID, RESOURCE_NAME, RESOURCE_LOCALE) VALUES (4999, 1000, '運行中流程管理', 'zh_TW');
INSERT SYS_RESOURCE_LOCALE (ID, RESOURCE_ID, RESOURCE_NAME, RESOURCE_LOCALE) VALUES (5000, 1000, 'Running Prcocess Manage', 'en');

/* 新增任务调度链接--2013-02-28 */
INSERT SYS_RESOURCE (ID, RESOURCE_NAME, RESOURCE_SIGN, RESOURCE_TYPE, PARENT_ID, RESOURCE_ICON, OPEN_TYPE, RESOURCE_STATUS, RESOURCE_NO, RESOURCE_URL, RESOURCE_LEVEL, CREATE_USER, CREATE_TIME, REMARK, LAST_UPDATE_USER, LAST_UPDATE_TIME, VERSION, LOG_RULE) VALUES (800, '任务管理', 'RES_TASK_MNG', '0', 2, 'icon-workgroup', NULL, '1', 160, '/sys/task/task.action', '2', 1, now(), NULL, NULL, NULL, 1, '任务管理');
INSERT SYS_RESOURCE (ID, RESOURCE_NAME, RESOURCE_SIGN, RESOURCE_TYPE, PARENT_ID, RESOURCE_ICON, OPEN_TYPE, RESOURCE_STATUS, RESOURCE_NO, RESOURCE_URL, RESOURCE_LEVEL, CREATE_USER, CREATE_TIME, REMARK, LAST_UPDATE_USER, LAST_UPDATE_TIME, VERSION, LOG_RULE) VALUES (801, '任务调度管理', 'RES_TASK_SCHEDULER_MNG', '0', 2, 'icon-scheduled_Tasks', NULL, '1', 161, '/sys/task/task-scheduler.action', '2', 1, now(), NULL, NULL, NULL, 1, '任务调度管理');

INSERT SYS_RESOURCE_TO_ROLE (ROLE_ID, RESOURCE_ID) VALUES (1, 800);
INSERT SYS_RESOURCE_TO_ROLE (ROLE_ID, RESOURCE_ID) VALUES (1, 801);


INSERT SYS_RESOURCE_LOCALE (ID, RESOURCE_ID, RESOURCE_NAME, RESOURCE_LOCALE) VALUES (4980, 800, '任务管理', 'zh_CN');
INSERT SYS_RESOURCE_LOCALE (ID, RESOURCE_ID, RESOURCE_NAME, RESOURCE_LOCALE) VALUES (4981, 800, '任務管理', 'zh_TW');
INSERT SYS_RESOURCE_LOCALE (ID, RESOURCE_ID, RESOURCE_NAME, RESOURCE_LOCALE) VALUES (4982, 800, 'Task Manage', 'en');

INSERT SYS_RESOURCE_LOCALE (ID, RESOURCE_ID, RESOURCE_NAME, RESOURCE_LOCALE) VALUES (4983, 801, '任务调度管理', 'zh_CN');
INSERT SYS_RESOURCE_LOCALE (ID, RESOURCE_ID, RESOURCE_NAME, RESOURCE_LOCALE) VALUES (4984, 801, '任務調度管理', 'zh_TW');
INSERT SYS_RESOURCE_LOCALE (ID, RESOURCE_ID, RESOURCE_NAME, RESOURCE_LOCALE) VALUES (4985, 801, 'Task Scheduler Manage', 'en');

/* 2013-05-10 新增系统分类管理链接 */
INSERT SYS_RESOURCE (ID, RESOURCE_NAME, RESOURCE_SIGN, RESOURCE_TYPE, PARENT_ID, RESOURCE_ICON, OPEN_TYPE, RESOURCE_STATUS, RESOURCE_NO, RESOURCE_URL, RESOURCE_LEVEL, CREATE_USER, CREATE_TIME, REMARK, LAST_UPDATE_USER, LAST_UPDATE_TIME, VERSION, LOG_RULE) VALUES (100, '系统分类管理', 'RES_SYS_COMMON_TYPE_MNG', '0', 2, 'icon-run', NULL, '1', 7, '/sys/common/common-type!initSystemType.action', '2', 1, now(), NULL, NULL, NULL, 1, '系统分类管理');

INSERT SYS_RESOURCE_TO_ROLE (ROLE_ID, RESOURCE_ID) VALUES (1, 100);

INSERT SYS_RESOURCE_LOCALE (ID, RESOURCE_ID, RESOURCE_NAME, RESOURCE_LOCALE) VALUES (401, 100, '系统分类管理', 'zh_CN');
INSERT SYS_RESOURCE_LOCALE (ID, RESOURCE_ID, RESOURCE_NAME, RESOURCE_LOCALE) VALUES (402, 100, '系統分類管理', 'zh_TW');
INSERT SYS_RESOURCE_LOCALE (ID, RESOURCE_ID, RESOURCE_NAME, RESOURCE_LOCALE) VALUES (403, 100, 'System Type Manage', 'en');

/* 2013-06-04 新增用户信息管理链接 */
INSERT SYS_RESOURCE (ID, RESOURCE_NAME, RESOURCE_SIGN, RESOURCE_TYPE, PARENT_ID, RESOURCE_ICON, OPEN_TYPE, RESOURCE_STATUS, RESOURCE_NO, RESOURCE_URL, RESOURCE_LEVEL, CREATE_USER, CREATE_TIME, REMARK, LAST_UPDATE_USER, LAST_UPDATE_TIME, VERSION, LOG_RULE) VALUES (101, '用户信息管理', 'RES_USER_INFO_MNG', '0', 2, 'icon-user-new', NULL, '1', 102, '/sys/account/user!userInfo.action', '2', 1, now(), NULL, NULL, NULL, 1, '用户信息管理');

INSERT SYS_RESOURCE_TO_ROLE (ROLE_ID, RESOURCE_ID) VALUES (1, 101);


INSERT SYS_RESOURCE_LOCALE (ID, RESOURCE_ID, RESOURCE_NAME, RESOURCE_LOCALE) VALUES (404, 101, '用户信息管理', 'zh_CN');
INSERT SYS_RESOURCE_LOCALE (ID, RESOURCE_ID, RESOURCE_NAME, RESOURCE_LOCALE) VALUES (405, 101, '用戶信息管理', 'zh_TW');
INSERT SYS_RESOURCE_LOCALE (ID, RESOURCE_ID, RESOURCE_NAME, RESOURCE_LOCALE) VALUES (406, 101, 'User Info Manage', 'en');

/* 2013-10-24 增加阿拉伯语支持  */
UPDATE SYS_DICTIONARY SET DICT_NAME = '英语' WHERE ID = 3;
INSERT SYS_DICTIONARY (ID, DICT_TYPE_ID, DICT_NAME, DICT_VALUE, STATUS, DICT_DESC, DICT_LOCALE, CREATE_TIME, CREATE_USER, LAST_UPDATE_USER, LAST_UPDATE_TIME, VERSION) VALUES (4, 1, '阿拉伯语', 'ar', '1', NULL, 'zh_CN', now(), 1, NULL, NULL, 1);

INSERT SYS_RESOURCE_LOCALE (ID, RESOURCE_ID, RESOURCE_NAME, RESOURCE_LOCALE) VALUES (101, 2,'系统管理','ar');
INSERT SYS_RESOURCE_LOCALE (ID, RESOURCE_ID, RESOURCE_NAME, RESOURCE_LOCALE) VALUES (102, 3,'用户管理','ar');
INSERT SYS_RESOURCE_LOCALE (ID, RESOURCE_ID, RESOURCE_NAME, RESOURCE_LOCALE) VALUES (103, 4,'日志管理','ar');
INSERT SYS_RESOURCE_LOCALE (ID, RESOURCE_ID, RESOURCE_NAME, RESOURCE_LOCALE) VALUES (104, 5,'在线用户管理','ar');
INSERT SYS_RESOURCE_LOCALE (ID, RESOURCE_ID, RESOURCE_NAME, RESOURCE_LOCALE) VALUES (105, 6,'异常日志管理','ar');
INSERT SYS_RESOURCE_LOCALE (ID, RESOURCE_ID, RESOURCE_NAME, RESOURCE_LOCALE) VALUES (106, 7,'部署管理','ar');
INSERT SYS_RESOURCE_LOCALE (ID, RESOURCE_ID, RESOURCE_NAME, RESOURCE_LOCALE) VALUES (107, 8,'授权管理','ar');
INSERT SYS_RESOURCE_LOCALE (ID, RESOURCE_ID, RESOURCE_NAME, RESOURCE_LOCALE) VALUES (108, 9,'资源管理','ar');
INSERT SYS_RESOURCE_LOCALE (ID, RESOURCE_ID, RESOURCE_NAME, RESOURCE_LOCALE) VALUES (109, 10,'通知管理','ar');
INSERT SYS_RESOURCE_LOCALE (ID, RESOURCE_ID, RESOURCE_NAME, RESOURCE_LOCALE) VALUES (110, 11,'新闻公告管理','ar');
INSERT SYS_RESOURCE_LOCALE (ID, RESOURCE_ID, RESOURCE_NAME, RESOURCE_LOCALE) VALUES (111, 12,'通知查询','ar');
INSERT SYS_RESOURCE_LOCALE (ID, RESOURCE_ID, RESOURCE_NAME, RESOURCE_LOCALE) VALUES (112, 13,'新闻公告查询','ar');
INSERT SYS_RESOURCE_LOCALE (ID, RESOURCE_ID, RESOURCE_NAME, RESOURCE_LOCALE) VALUES (113, 14,'桌面管理','ar');
INSERT SYS_RESOURCE_LOCALE (ID, RESOURCE_ID, RESOURCE_NAME, RESOURCE_LOCALE) VALUES (115, 998,'流程办理历史','ar');
INSERT SYS_RESOURCE_LOCALE (ID, RESOURCE_ID, RESOURCE_NAME, RESOURCE_LOCALE) VALUES (116, 999,'流程定义管理','ar');
INSERT SYS_RESOURCE_LOCALE (ID, RESOURCE_ID, RESOURCE_NAME, RESOURCE_LOCALE) VALUES (117, 1000,'运行中流程管理','ar');
INSERT SYS_RESOURCE_LOCALE (ID, RESOURCE_ID, RESOURCE_NAME, RESOURCE_LOCALE) VALUES (118, 800,'任务管理','ar');
INSERT SYS_RESOURCE_LOCALE (ID, RESOURCE_ID, RESOURCE_NAME, RESOURCE_LOCALE) VALUES (119, 801,'任务调度管理','ar');
INSERT SYS_RESOURCE_LOCALE (ID, RESOURCE_ID, RESOURCE_NAME, RESOURCE_LOCALE) VALUES (120, 100, '系统分类管理', 'ar');
INSERT SYS_RESOURCE_LOCALE (ID, RESOURCE_ID, RESOURCE_NAME, RESOURCE_LOCALE) VALUES (121, 101, '用户信息管理', 'ar');


/* 2013-12-22 新增变更日志管理链接  */
INSERT SYS_RESOURCE (ID, RESOURCE_NAME, RESOURCE_SIGN, RESOURCE_TYPE, PARENT_ID, RESOURCE_ICON, OPEN_TYPE, RESOURCE_STATUS, RESOURCE_NO, RESOURCE_URL, RESOURCE_LEVEL, CREATE_USER, CREATE_TIME, REMARK, LAST_UPDATE_USER, LAST_UPDATE_TIME, VERSION, LOG_RULE) VALUES (102, '变更日志管理', 'RES_CHANGE_LOG_MNG', '0', 2, 'icon-contacts-ico', NULL, '1', 105, '/sys/log/change-log.action', '2', 1, now(), NULL, NULL, NULL, 1, '变更日志管理');

INSERT SYS_RESOURCE_TO_ROLE (ROLE_ID, RESOURCE_ID) VALUES (1, 102);

INSERT SYS_RESOURCE_LOCALE (ID, RESOURCE_ID, RESOURCE_NAME, RESOURCE_LOCALE) VALUES (407, 102, '变更日志管理', 'zh_CN');
INSERT SYS_RESOURCE_LOCALE (ID, RESOURCE_ID, RESOURCE_NAME, RESOURCE_LOCALE) VALUES (408, 102, '變更日誌管理', 'zh_TW');
INSERT SYS_RESOURCE_LOCALE (ID, RESOURCE_ID, RESOURCE_NAME, RESOURCE_LOCALE) VALUES (409, 102, 'Change Log Manage', 'en');
INSERT SYS_RESOURCE_LOCALE (ID, RESOURCE_ID, RESOURCE_NAME, RESOURCE_LOCALE) VALUES (410, 102, 'Change Log Manage', 'ar');

/* 2014-01-13 新增系统参数 */
INSERT SYS_DICTIONARY_TYPE (ID, DICT_TYPE_NAME, DICT_TYPE_DESC, TYPE, DICT_TYPE_KEY, CREATE_TIME, CREATE_USER, LAST_UPDATE_USER, LAST_UPDATE_TIME, VERSION) VALUES (2, '系统参数', NULL, '0', 'SYS_PARAMS', now(), 1, NULL, NULL, 1);

/* 新增用户默认密码 */
INSERT SYS_DICTIONARY (ID, DICT_TYPE_ID, DICT_NAME, DICT_VALUE, STATUS, DICT_DESC, DICT_LOCALE, CREATE_TIME, CREATE_USER, LAST_UPDATE_USER, LAST_UPDATE_TIME, VERSION) VALUES (200, 2, '123456', 'user.default.password', '1', '默认密码', 'zh_CN', now(), 1, NULL, NULL, 1);

/* 2014-04-01 新增邮件接口参数 */
INSERT SYS_DICTIONARY_TYPE (ID, DICT_TYPE_NAME, DICT_TYPE_DESC, TYPE, DICT_TYPE_KEY, CREATE_TIME, CREATE_USER, LAST_UPDATE_USER, LAST_UPDATE_TIME, VERSION) VALUES (3, '邮箱参数', NULL, '0', 'SYS_MAIL_DICT', now(), 1, NULL, NULL, 1);

INSERT SYS_DICTIONARY (ID, DICT_TYPE_ID, DICT_NAME, DICT_VALUE, STATUS, DICT_DESC, DICT_LOCALE, CREATE_TIME, CREATE_USER, LAST_UPDATE_USER, LAST_UPDATE_TIME, VERSION) VALUES (300, 3, 'smtp.exmail.qq.com', 'serviceMail.smtp.host', '1', '服务邮箱smtp地址', 'zh_CN', now(), 1, NULL, NULL, 1);
INSERT SYS_DICTIONARY (ID, DICT_TYPE_ID, DICT_NAME, DICT_VALUE, STATUS, DICT_DESC, DICT_LOCALE, CREATE_TIME, CREATE_USER, LAST_UPDATE_USER, LAST_UPDATE_TIME, VERSION) VALUES (301, 3, '123456@qq.com', 'serviceMail.name', '1', '服务邮箱名称', 'zh_CN', now(), 1, NULL, NULL, 1);
INSERT SYS_DICTIONARY (ID, DICT_TYPE_ID, DICT_NAME, DICT_VALUE, STATUS, DICT_DESC, DICT_LOCALE, CREATE_TIME, CREATE_USER, LAST_UPDATE_USER, LAST_UPDATE_TIME, VERSION) VALUES (302, 3, '123456', 'serviceMail.password', '1', '服务邮箱密码', 'zh_CN', now(), 1, NULL, NULL, 1);

/* 新增邮件管理模块 */
INSERT SYS_RESOURCE (ID, RESOURCE_NAME, RESOURCE_SIGN, RESOURCE_TYPE, PARENT_ID, RESOURCE_ICON, OPEN_TYPE, RESOURCE_STATUS, RESOURCE_NO, RESOURCE_URL, RESOURCE_LEVEL, CREATE_USER, CREATE_TIME, REMARK, LAST_UPDATE_USER, LAST_UPDATE_TIME, VERSION, LOG_RULE) VALUES (103, '邮件管理', 'RES_MAIL_MNG', '0', 2, 'icon-contacts-ico', NULL, '1', 105, '/sys/msg/mail.action', '2', 1, now(), NULL, NULL, NULL, 1, '邮件管理');

INSERT SYS_RESOURCE_TO_ROLE (ROLE_ID, RESOURCE_ID) VALUES (1, 103);

INSERT SYS_RESOURCE_LOCALE (ID, RESOURCE_ID, RESOURCE_NAME, RESOURCE_LOCALE) VALUES (411, 103, '邮件管理', 'zh_CN');
INSERT SYS_RESOURCE_LOCALE (ID, RESOURCE_ID, RESOURCE_NAME, RESOURCE_LOCALE) VALUES (412, 103, '郵件管理', 'zh_TW');
INSERT SYS_RESOURCE_LOCALE (ID, RESOURCE_ID, RESOURCE_NAME, RESOURCE_LOCALE) VALUES (413, 103, 'Mail Manage', 'en');
INSERT SYS_RESOURCE_LOCALE (ID, RESOURCE_ID, RESOURCE_NAME, RESOURCE_LOCALE) VALUES (414, 103, 'Mail Manage', 'ar');


/* 2014-04-15 新增短信管理  */
INSERT SYS_RESOURCE (ID, RESOURCE_NAME, RESOURCE_SIGN, RESOURCE_TYPE, PARENT_ID, RESOURCE_ICON, OPEN_TYPE, RESOURCE_STATUS, RESOURCE_NO, RESOURCE_URL, RESOURCE_LEVEL, CREATE_USER, CREATE_TIME, REMARK, LAST_UPDATE_USER, LAST_UPDATE_TIME, VERSION, LOG_RULE) VALUES (104, '短信管理', 'RES_SMS_MNG', '0', 2, 'icon-contacts-ico', NULL, '1', 105, '/sys/msg/sms.action', '2', 1, now(), NULL, NULL, NULL, 1, '短信管理');

INSERT SYS_RESOURCE_TO_ROLE (ROLE_ID, RESOURCE_ID) VALUES (1, 104);

INSERT SYS_RESOURCE_LOCALE (ID, RESOURCE_ID, RESOURCE_NAME, RESOURCE_LOCALE) VALUES (415, 104, '短信管理', 'zh_CN');
INSERT SYS_RESOURCE_LOCALE (ID, RESOURCE_ID, RESOURCE_NAME, RESOURCE_LOCALE) VALUES (416, 104, '短信管理', 'zh_TW');
INSERT SYS_RESOURCE_LOCALE (ID, RESOURCE_ID, RESOURCE_NAME, RESOURCE_LOCALE) VALUES (417, 104, 'SMS Manage', 'en');
INSERT SYS_RESOURCE_LOCALE (ID, RESOURCE_ID, RESOURCE_NAME, RESOURCE_LOCALE) VALUES (418, 104, 'SMS Manage', 'ar');

/* 新增邮件发送任务 */
INSERT INTO SYS_TASK (ID, CREATE_USER, CREATE_TIME, LAST_UPDATE_USER, LAST_UPDATE_TIME, VERSION, NAME, REMARK, TASK_TYPE, TASK_CONTENT) VALUES ('1', '1', now(), null, null, '0', '邮件发送接口', '邮件接口', '1', '{"executeType":"class","executeContent":"com.jiawasoft.gsweb.job.MailSendJob"}');
INSERT INTO SYS_TASK (ID, CREATE_USER, CREATE_TIME, LAST_UPDATE_USER, LAST_UPDATE_TIME, VERSION, NAME, REMARK, TASK_TYPE, TASK_CONTENT) VALUES ('2', '1', now(), null, null, '0', '短信发送接口', '短信接口', '1', '{"executeType":"class","executeContent":"com.jiawasoft.gsweb.job.SmsSendJob"}');

/* 2014-04-16 新增短信接口参数 */
INSERT SYS_DICTIONARY_TYPE (ID, DICT_TYPE_NAME, DICT_TYPE_DESC, TYPE, DICT_TYPE_KEY, CREATE_TIME, CREATE_USER, LAST_UPDATE_USER, LAST_UPDATE_TIME, VERSION) VALUES (4, '短信接口参数', NULL, '0', 'SYS_SMS_DICT', now(), 1, NULL, NULL, 1);

INSERT SYS_DICTIONARY (ID, DICT_TYPE_ID, DICT_NAME, DICT_VALUE, STATUS, DICT_DESC, DICT_LOCALE, CREATE_TIME, CREATE_USER, LAST_UPDATE_USER, LAST_UPDATE_TIME, VERSION) VALUES (401, 4, 'sms001', 'serviceSMS.code', '1', '服务短信接口唯一编码', 'zh_CN', now(), 1, NULL, NULL, 1);
INSERT SYS_DICTIONARY (ID, DICT_TYPE_ID, DICT_NAME, DICT_VALUE, STATUS, DICT_DESC, DICT_LOCALE, CREATE_TIME, CREATE_USER, LAST_UPDATE_USER, LAST_UPDATE_TIME, VERSION) VALUES (402, 4, 'com.jiawasoft.gsweb.inf.sms.ZtSmsAdapter', 'serviceSMS.class', '1', '服务短信接口类', 'zh_CN', now(), 1, NULL, NULL, 1);
INSERT SYS_DICTIONARY (ID, DICT_TYPE_ID, DICT_NAME, DICT_VALUE, STATUS, DICT_DESC, DICT_LOCALE, CREATE_TIME, CREATE_USER, LAST_UPDATE_USER, LAST_UPDATE_TIME, VERSION) VALUES (403, 4, 'http://www.ztsms.cn:8800/sendSms.do', 'serviceSMS.url', '1', '服务短信接口URL地址', 'zh_CN', now(), 1, NULL, NULL, 1);
INSERT SYS_DICTIONARY (ID, DICT_TYPE_ID, DICT_NAME, DICT_VALUE, STATUS, DICT_DESC, DICT_LOCALE, CREATE_TIME, CREATE_USER, LAST_UPDATE_USER, LAST_UPDATE_TIME, VERSION) VALUES (404, 4, 'testuser', 'serviceSMS.name', '1', '服务短信接口用户名', 'zh_CN', now(), 1, NULL, NULL, 1);
INSERT SYS_DICTIONARY (ID, DICT_TYPE_ID, DICT_NAME, DICT_VALUE, STATUS, DICT_DESC, DICT_LOCALE, CREATE_TIME, CREATE_USER, LAST_UPDATE_USER, LAST_UPDATE_TIME, VERSION) VALUES (405, 4, '123456', 'serviceSMS.password', '1', '服务短信接口密码', 'zh_CN', now(), 1, NULL, NULL, 1);
INSERT SYS_DICTIONARY (ID, DICT_TYPE_ID, DICT_NAME, DICT_VALUE, STATUS, DICT_DESC, DICT_LOCALE, CREATE_TIME, CREATE_USER, LAST_UPDATE_USER, LAST_UPDATE_TIME, VERSION) VALUES (406, 4, '48661', 'serviceSMS.productid', '1', '服务短信接口产品ID', 'zh_CN', now(), 1, NULL, NULL, 1);


/* 2014-07-03 用户管理员工号自动编号功能参数设置 */
INSERT SYS_DICTIONARY (ID, DICT_TYPE_ID, DICT_NAME, DICT_VALUE, STATUS, DICT_DESC, DICT_LOCALE, CREATE_TIME, CREATE_USER, LAST_UPDATE_USER, LAST_UPDATE_TIME, VERSION) VALUES (201, 2, 'true', 'user.autocode.enable', '1', '员工号自动编号启用', 'zh_CN', now(), 1, NULL, NULL, 1);
INSERT SYS_DICTIONARY (ID, DICT_TYPE_ID, DICT_NAME, DICT_VALUE, STATUS, DICT_DESC, DICT_LOCALE, CREATE_TIME, CREATE_USER, LAST_UPDATE_USER, LAST_UPDATE_TIME, VERSION) VALUES (202, 2, '4', 'user.default.code.bit', '1', '员工号位数', 'zh_CN', now(), 1, NULL, NULL, 1);


/* 2015-04-08 增加备忘录模块 */
INSERT SYS_RESOURCE (ID, RESOURCE_NAME, RESOURCE_SIGN, RESOURCE_TYPE, PARENT_ID, RESOURCE_ICON, OPEN_TYPE, RESOURCE_STATUS, RESOURCE_NO, RESOURCE_URL, RESOURCE_LEVEL, CREATE_USER, CREATE_TIME, REMARK, LAST_UPDATE_USER, LAST_UPDATE_TIME, VERSION, LOG_RULE) VALUES (106, '备忘录查询', 'RES_MEMO_QUERY', '0', 2, 'icon-search-new', NULL, '1', 106, '/sys/memo/memo-query.action', '2', 1, now(), NULL, NULL, NULL, 1, '备忘录查询');
INSERT SYS_RESOURCE (ID, RESOURCE_NAME, RESOURCE_SIGN, RESOURCE_TYPE, PARENT_ID, RESOURCE_ICON, OPEN_TYPE, RESOURCE_STATUS, RESOURCE_NO, RESOURCE_URL, RESOURCE_LEVEL, CREATE_USER, CREATE_TIME, REMARK, LAST_UPDATE_USER, LAST_UPDATE_TIME, VERSION, LOG_RULE) VALUES (105, '备忘录管理', 'RES_MEMO_MNG', '0', 2, 'icon-textDocument', NULL, '1', 105, '/sys/memo/memo.action', '2', 1, now(), NULL, NULL, NULL, 1, '备忘录管理');

INSERT SYS_RESOURCE_TO_ROLE (ROLE_ID, RESOURCE_ID) VALUES (1, 106);
INSERT SYS_RESOURCE_TO_ROLE (ROLE_ID, RESOURCE_ID) VALUES (1, 105);

INSERT SYS_RESOURCE_LOCALE (ID, RESOURCE_ID, RESOURCE_NAME, RESOURCE_LOCALE) VALUES (422, 106, '备忘录查询', 'zh_CN');
INSERT SYS_RESOURCE_LOCALE (ID, RESOURCE_ID, RESOURCE_NAME, RESOURCE_LOCALE) VALUES (423, 106, '備忘錄查詢', 'zh_TW');
INSERT SYS_RESOURCE_LOCALE (ID, RESOURCE_ID, RESOURCE_NAME, RESOURCE_LOCALE) VALUES (424, 106, 'Memo Query', 'en');
INSERT SYS_RESOURCE_LOCALE (ID, RESOURCE_ID, RESOURCE_NAME, RESOURCE_LOCALE) VALUES (419, 105, '备忘录管理', 'zh_CN');
INSERT SYS_RESOURCE_LOCALE (ID, RESOURCE_ID, RESOURCE_NAME, RESOURCE_LOCALE) VALUES (420, 105, '備忘錄管理', 'zh_TW');
INSERT SYS_RESOURCE_LOCALE (ID, RESOURCE_ID, RESOURCE_NAME, RESOURCE_LOCALE) VALUES (421, 105, 'Memo Manage', 'en');

/* 2015-05-25 增加签到管理模块 */
INSERT SYS_RESOURCE (ID, RESOURCE_NAME, RESOURCE_SIGN, RESOURCE_TYPE, PARENT_ID, RESOURCE_ICON, OPEN_TYPE, RESOURCE_STATUS, RESOURCE_NO, RESOURCE_URL, RESOURCE_LEVEL, CREATE_USER, CREATE_TIME, REMARK, LAST_UPDATE_USER, LAST_UPDATE_TIME, VERSION, LOG_RULE) VALUES (107, '签到管理', 'RES_CHECKINS_MNG', '0', 2, 'icon-checkins', NULL, '1', 107, '/sys/checkins/checkins.action', '2', 1, now(), NULL, NULL, NULL, 1, '签到管理');

INSERT SYS_RESOURCE_TO_ROLE (ROLE_ID, RESOURCE_ID) VALUES (1, 107);

INSERT SYS_RESOURCE_LOCALE (ID, RESOURCE_ID, RESOURCE_NAME, RESOURCE_LOCALE) VALUES (425, 107, '签到管理', 'zh_CN');
INSERT SYS_RESOURCE_LOCALE (ID, RESOURCE_ID, RESOURCE_NAME, RESOURCE_LOCALE) VALUES (426, 107, '簽到管理', 'zh_TW');
INSERT SYS_RESOURCE_LOCALE (ID, RESOURCE_ID, RESOURCE_NAME, RESOURCE_LOCALE) VALUES (427, 107, 'Checkins Manage', 'en');

/* 2018-12-04 增加报表设计模块 */
INSERT SYS_RESOURCE (ID, RESOURCE_NAME, RESOURCE_SIGN, RESOURCE_TYPE, PARENT_ID, RESOURCE_ICON, OPEN_TYPE, RESOURCE_STATUS, RESOURCE_NO, RESOURCE_URL, RESOURCE_LEVEL, CREATE_USER, CREATE_TIME, REMARK, LAST_UPDATE_USER, LAST_UPDATE_TIME, VERSION, LOG_RULE) VALUES (108, '报表设计', 'RES_REPORT_MNG', '0', 2, 'icon-checkins', NULL, '1', 107, '/ureport/designer', '2', 1, now(), NULL, NULL, NULL, 1, '报表设计');

INSERT SYS_RESOURCE_TO_ROLE (ROLE_ID, RESOURCE_ID) VALUES (1, 108);

INSERT SYS_RESOURCE_LOCALE (ID, RESOURCE_ID, RESOURCE_NAME, RESOURCE_LOCALE) VALUES (428, 108, '报表设计', 'zh_CN');
INSERT SYS_RESOURCE_LOCALE (ID, RESOURCE_ID, RESOURCE_NAME, RESOURCE_LOCALE) VALUES (429, 108, '報表設計', 'zh_TW');
INSERT SYS_RESOURCE_LOCALE (ID, RESOURCE_ID, RESOURCE_NAME, RESOURCE_LOCALE) VALUES (430, 108, 'Report Design', 'en');
